Index,Name,Modified,Created
5,A Memory Remains,9/15/2019,9/15/2019
6,A Month and a Half,11/2/2018,11/12/2018
9,Ave Maria,8/16/2019,8/16/2019
10,Babe in the Woods,2/9/2019,2/9/2019
257,Baby Comin Home Mutations,7/14/2018,11/12/2018
277,Baby Comin Home Project,5/9/2019,5/30/2019
11,Baby's Coming Home,6/30/2018,11/12/2018
12,Back Alley Funk (ChromatiJazz),6/12/2019,6/12/2019
178,Big Bucket of Midi files,8/8/2018,11/12/2018
13,Blues Vamparoo,7/10/2019,7/10/2019
14,BluesCool,9/21/2019,7/14/2019
15,Bluesin USA - Piano JAm,4/11/2019,12/27/2018
16,Broke and Alone (Jarbles Sings The Blues),3/10/2019,3/10/2019
17,Broken Levers,6/5/2018,11/12/2018
18,Bucket of Rain,6/12/2019,6/12/2019
19,Chasing Bangels,12/22/2018,12/22/2018
295,Chet and Co Music Files,6/29/2018,11/12/2018
20,ChromatiJazz-We're In It Together,4/11/2019,11/12/2018
22,Conversational Semantics,9/6/2019,9/6/2019
180,Cut Up Edit,1/28/2019,1/28/2019
23,Danny Boy,7/14/2019,7/14/2019
211,Departure,7/26/2019,7/26/2019
24,Desolation (From Ratboot),6/21/2019,6/21/2019
118,Desolation Audacity Project,6/21/2019,6/21/2019
119,Desolation Crazy Cuts,8/19/2019,8/19/2019
25,Doom Music - Fuzzy Molten,5/8/2019,5/8/2019
124,Dream of Life,6/18/2019,6/17/2019
26,Dreaming of Life (Bootheel),6/19/2019,6/15/2019
125,"Dreaming of Life, P2",6/18/2019,6/18/2019
310,Dreams of Electric Sheep,5/8/2019,5/8/2019
28,Early Morning Bus Ride,3/14/2019,3/14/2019
29,Electricity Tracks,7/24/2018,11/12/2018
30,Final Word (Cruisin with the Dragon),5/9/2019,5/9/2019
233,Fun Town,7/12/2018,12/5/2018
133,Fun Town MID-TAB and Old Files,5/21/2019,9/22/2019
32,FunTown,5/8/2019,5/8/2019
33,Glaciers,5/8/2019,11/11/2018
138,"Glaciers MID, Tab, Old Files",5/8/2019,5/8/2019
137,Glaciers Master,4/11/2019,11/12/2018
235,Glaciers Master-DESKTOP-874RT2Q,4/11/2019,4/11/2019
34,Good Mornin Girl,5/8/2019,11/11/2018
35,Gregorian Moaners,8/29/2019,8/23/2019
36,Gymnopedie (Tascam Recordings),7/19/2018,11/12/2018
97,Happy Birthday,10/6/2018,11/12/2018
37,Happy Fucking Birthday,3/30/2019,3/30/2019
311,Haunting,5/9/2019,11/12/2018
314,Haunting Audio Files,6/5/2018,11/12/2018
312,Haunting of Snowball,5/8/2019,5/8/2019
38,How to Get a Wink,5/27/2019,5/27/2019
103,I'll See You in My Dreams,6/5/2018,11/12/2018
39,In the Attic,5/8/2019,5/8/2019
154,In the Attic-DESKTOP-874RT2Q,4/11/2019,4/11/2019
40,In the SnowPad,5/8/2019,5/8/2019
41,Inca Raods,8/20/2019,8/20/2019
42,Inca Roads,8/21/2019,8/22/2019
105,Jarbles Feelin Blue-Blindboy,4/11/2019,3/30/2019
44,Jazz Ice Collection,2/14/2019,11/12/2018
181,Jazz Ice_PianoAndDrums1.29,1/28/2019,1/28/2019
182,Jazz Ice_PianoAndDrums1.29-DESKTOP-874RT2Q,4/11/2019,4/11/2019
179,JazzICe Ext Jam - Instrument Experiement and Drums,1/28/2019,1/28/2019
104,Jimmy Brown the Newsboy,6/5/2018,11/12/2018
45,Joey's Song,5/8/2019,5/8/2019
94,Lazy Star Tracks,9/21/2019,9/21/2019
46,Lazy Stars,7/22/2019,7/2/2019
190,LazyStars9,9/13/2019,9/13/2019
328,Long Night Clips,6/12/2019,5/22/2019
48,Machine Gun,3/8/2019,3/10/2019
49,Maiden's Prayer (Ave Maria Rendition),7/21/2018,11/12/2018
191,Masters,9/21/2019,9/21/2019
213,Melancholy Detuned,7/22/2019,7/22/2019
50,Melancholy Love,7/21/2019,7/21/2019
55,Never Going Back Again,8/12/2019,8/12/2019
110,New Bangles 8.14,8/14/2019,8/14/2019
301,New Riff Raff,7/31/2019,7/31/2019
59,PCP Under the Sun,5/8/2019,4/28/2019
243,PCP Updated,4/11/2019,12/5/2018
244,PCP Updated-DESKTOP-874RT2Q,4/11/2019,4/11/2019
60,Phantoms (Solo Piano),5/9/2019,5/9/2019
62,Pleasant Enough,5/8/2019,5/8/2019
236,Power Chord Pickin,7/13/2018,12/5/2018
237,Power Chord Pickin-DESKTOP-874RT2Q,4/11/2019,4/11/2019
262,RatBoot Redux (Tascam),7/21/2018,11/12/2018
63,Ratboot Redux,5/8/2019,5/8/2019
66,Riff Raff (Beautiful Day in the City),5/8/2019,11/12/2018
302,Riff Raff MIDIs,7/16/2018,11/12/2018
303,Riff Raff-Railway Music,4/11/2019,12/5/2018
67,River's Bend,9/7/2019,9/7/2019
68,Rosanna - Toto,11/2/2018,11/12/2018
308,Rosanna So Bad,2/14/2019,2/14/2019
69,Royals - Lorde (My Takes),5/5/2019,5/5/2019
111,Sconch,1/12/2019,1/12/2019
139,Scraps,4/11/2019,11/12/2018
70,Shakey Rhythm and Riff Raff,8/10/2019,8/10/2019
71,Singularity M,1/28/2019,1/28/2019
72,Siren Casts a Gaze (I'll Fly Away),5/5/2019,5/5/2019
313,Snowball MIDI and Tab,5/8/2019,5/8/2019
73,Snowball Runs,4/11/2019,11/12/2018
74,Somewhere Round the River,7/30/2019,7/30/2019
75,Space Marine,7/22/2018,11/12/2018
317,Stargazer,7/10/2019,11/11/2018
76,Stargazers,5/8/2019,5/8/2019
77,Strange Tears (Piano Motif),5/20/2019,5/20/2019
78,Sunken Garden,2/14/2019,2/14/2019
79,Swinging Dick,7/27/2019,7/27/2019
81,Take 5 - Music on the New Frontier,6/12/2019,6/12/2019
130,The Final Word,5/9/2019,11/11/2018
82,The Long Night (TLove Invention),5/20/2019,5/20/2019
83,The Pretty Lady,5/21/2019,5/21/2019
85,The Siren Casts its Gaze,5/2/2019,5/2/2019
86,Tough Love 2,5/5/2019,5/5/2019
87,Tough Love Reborn,5/9/2019,5/9/2019
131,Track Audio and MIDI Files,4/11/2019,11/12/2018
88,Tralfamdorian Skies,4/11/2019,11/12/2018
89,Uncle Frog's Hovel,5/8/2019,5/8/2019
90,Unknown Samples,5/8/2019,5/8/2019
91,Walk With Me,6/12/2019,6/12/2019
92,What Do You Know,5/5/2019,5/5/2019
93,Zeus and Deeper Go Down,6/13/2019,6/13/2019
109,bangels,12/25/2018,12/25/2018
47,lONGnIGHT,7/31/2019,5/20/2019
198,new Hollwer Mix 7.31,7/31/2019,7/31/2019
